encrypted_ssn,original_ssn
$2b$12$KUlIA63Imuyfb6kHBXyMIO.cV2OdJfdxCmdxli8vzSDrr8jF.8oze,N945887471
$2b$12$rF/FutgtHaZHVlGIZneez.PY4VGKeFlB5ave6KCPeuUGfofXuZNEm,A699279476
$2b$12$kXkvNQ9Rdr98swJs83pLT.UrRv3RtsEB80TROtXv3D3OCjqrfhq2W,F903372615
$2b$12$F0fngjrcFuu2XBxi0wqgXOwah/YhvZq7F9QCjFmaJmjM5OcCxrcJe,I764053596
$2b$12$/bBh54/Xz9wTweYZ85YSm.P9xIdOCYysdvV3ePcgW8XRlmV7g0r8y,J694976343
$2b$12$bs.OS4urPNSMTq1Y4sqZ4uocDxsKjxf1SKksTQeYpbOqc0Ni6zC0e,H921306260
$2b$12$0PKYg.IgDRrNzP5N3JTFvOl3.zJ1i7XYNDLo9WrUKfaUJiL.89Qqq,F433558181
$2b$12$By5AuAeZSIk6rhZuipOHy.4VKipPxVdTqIqgMiLpFL3v5OhDKcQsG,B090303259
$2b$12$qEt2X/ATQ4NUk/qRFsWSQeQv.PO5XDhgDXrmXr1MP59ES9TN7Cln.,G031098776
$2b$12$rx9fPuzcBHkK.XjCdr7Wfe3N.wnwTnR3xNfEVriWLcfWiV2J8VK2e,E457103862
$2b$12$kpB31zrGSynmZwP7GEr60.Vc9veW18.s5XdKs0NH6ixCJM5sFZNTy,G467496981
$2b$12$sAQlIcWrUYgXs1gLRlMR2em.OnQN261kvCPducAecjF1Ogl4cYn3.,L909479609
$2b$12$HFbqgVbD02pkWmOLuPSLGuj8.84lCO83lhm3xnwnRkzp9uALXhUGy,C563908826
$2b$12$TRGkIm8IlgIERJBzJ1T2U.sWWs/pGvUIZ9qyKn3Rmha6eTw3v3OwG,K240786996
$2b$12$9jrYS1nHHLQpn0DgXA7TVOK1CR5mJVPfMq8yvp77fy9Oh9fR5htxC,D958758417
$2b$12$NCHkUxFBow.JaMTILzmZe.ZTq28hEyLr1chCnn18cYHPfsuX2VJlS,D104013272
$2b$12$Ok0.CXgDL4JvWino1wnOs.4HZXzBrgdGuBLIXWKmBMw.4BvdEh.1m,H297576138
$2b$12$9dzGdrj.uEH7EMDlrsZzH.IHI/WyuZACyhScSmD3fV32SOM9ZmY2K,J361199310
$2b$12$FcMFGj0ZMaYnNSjEW8vrf.YDix1yKc725QPxGx8HWhmYYNuyI/k1i,G664391455
$2b$12$8/346NcmMkNgtYPa/8ACm.DsMt7YqLpnpPhtnDVgRdpZx7MXbQyPK,E687560304
$2b$12$F.hAUb4lJ2az25R4W15lAeLRkrFaYV21VcDuaP7aHRfZB.Ap57Ym2,G769378119
$2b$12$pI5l5oO3/Cz1PnMjdjMNfuETpDpRUPF4U1gRrJndqZVH60IQPkCvm,F604980433
$2b$12$6lJV0EgAcieT/UCcgIrG2.cTPjLZc5pLSMrYzzZugQkUcMJmRE/cG,G405389775
$2b$12$9.22xYkt42Bz6BgSL4llh.k0snZQGq3KElz882oUsmaNmayPqI7QK,L782760290
$2b$12$Zs6PXxmpX0zahCOg9EH2hexvGVUjtosqKAbSsA7KTIrHjPjd9cx7i,N285643439
$2b$12$GGJUQIQNfNAbUmdVVnDOhepTaT/rZzPde/YAzH9U7w9o.pvD00pHe,M308256682
$2b$12$8ljQNxdydWF2rY/3wJ0eWudlhjIGhoNB8NrH48j1k8/D8G7JWuqDW,I126203395
$2b$12$eswmg2klvoztvJem4BkOOekWM8eVeRkKzOJlmYeZxbdQ5QubFFd8.,O586012721
$2b$12$KUmJxnV1GHboFXMnDbeB5.9MZW73DsNl6OWBVKOpQ9Oyto.3JZUjC,K713392195
$2b$12$OAP3nNC7htDG8z0F1hgGBueruDRBxGmkL7X1cU5AhfmfQdx0/Eu1G,D292526128
$2b$12$/uZV0q/6WBwBonWZU9///.4p8QXcHtK9XH2mrOybNmdvWSurzZoca,D154691191
$2b$12$qsBlciuTatF23HZhwa2NueNFPp7r01mBowErQ6jZPRBNarPESrgrO,N806513517
$2b$12$pknOlVHvgih.maxWOMKV0.1vmwLtcUmTpXc8FM3UWu2TdNTcV6e8i,J547116953
$2b$12$RDzEtDC0wG3j/sm0BcgI6Orzzbze5OqqzfAUk9mtT6QffKJuk926a,C166150317
$2b$12$IHo.5itn6snz3Y3TAGte6u/XaFIKyRQjVKzKuQtUD610gW25qW.p.,H048855501
$2b$12$PgDjNBzBthyFAfHnjWk60OYH4UtG5xGV7siGNQrrbN36kfWuMJTDO,O701596090
$2b$12$yoKDx/gUXdQBn8p.l/fyP./QmerBzycMb.XKGD55UXeXbsp/KOvRK,I001290553
$2b$12$IUN8jyl1YyEPvVMtzwngf.bVPvWthxGXiTUsDbSS9/IbnqGZbbtYC,N678617128
$2b$12$UhGSv8HHHuRMKfh8MJE8UuZm.n7MX/5uc2gQk537nogFk53.kXKlu,J584973105
$2b$12$UEEuDwTvwIn9YkU3C5F54ukS/cnp8YNc/QMVSVIbiVcpy6oos14q2,G852991157
$2b$12$s4UIaB7PtUVWYq.nQ/STiuNFBiRtY2G6NZTlCfE4dhiOgy4ZuPLcG,B576132911
$2b$12$v4G6NfLTHQ0F0MDPEA/sFusV8lQNOuAbhliyjKOO.PR/k2yXDxfSy,C469191092
$2b$12$rKwQEv/bPgxmXwvYJQAx/OeTlgtMTPiwMqc7PxBH1g3wxDcS8Ybou,E663642883
$2b$12$gQWZV3jMQbMmH/oSNtJ9Oul87MI3cPgQZ8kojpfB9AOeBZ7MosyIW,H513462103
$2b$12$hLN2fVjwSWfT8GIw/U5dPOYhpD9qHPgXdJ5b8IILricEQ4qYS4F7m,B278884905
$2b$12$maslxGZBQ4.wzW/XejK0hO0jmrQpLvDuablSyVLbEaM8ab0lSlGsW,J075091953
$2b$12$sex8Q82J0ehqfRUrPH1rvOBQGRXrf6zy.9agFd7mgpCdDmTrm4Xai,F615209438
$2b$12$GXelHTTX1BQSyzfsJoOZyO0LPEtcqc1nJjqipFlZfzR41wcS7Vnu2,M944980531
$2b$12$Ji5SkeRAzwQVMcAIuBzsbOT3M3dnAW0CIMC/yXq0TbBjS.f1EBHFy,O231555232
$2b$12$u70epmHR5uBuxiUX5TygQugsyI.9JsapToSrch0yhE2f4/82rKnta,I956856586
$2b$12$F8QOdVG4pzwWAF9XD3huzOBzjfV8fSACeBkXsMqjyLzzZK1j2mHK6,H477837611
$2b$12$tvvz6gNC/rdcNhXK0.I.lexrKdfpZkiVl0vP/SROWI8BqcmXbRfQm,B483588266
$2b$12$3lp3MDqU9vmSNOeUz6znlujX/ZDFNHIfwL7T8Zl4zNC9C2h0aHis.,G286469516
$2b$12$YxRjLtjPXdOj0PC1tbXbL.xOrOUKjao2u2Rx5n8eOtLQVuk4xMK8m,H081060294
$2b$12$172WLgkh9JDGpzIpUYSOEu5ar3p33KTFo.feJntGuuKEFn4ucK.Ta,A527900885
$2b$12$B6SQuYRO4OOaG0yWbkJXoOLwO3mAq.OGiBSv9gbQGS3WL1v0bWRWG,N091445880
$2b$12$ut40iMy8jy/LJY9513vy8edPzBKP0rtkNvuZnAYcgCrT8aKR9EvRu,F526694104
$2b$12$GCaRArvpz1rCEtxsUqMR6ubjQq6U8jVN..TL2KMNqio70BmzidjYy,G940823186
$2b$12$6MZQFhp0CwXoUSNoboOsQ.qNylcriZh4CIZKpU6aWYVFbi0I.WwdG,C899440016
$2b$12$m.5QJAWP4UVD7CWgJvSD.emzLF3k8O5mMxJV5aHew1T642zK8IeGa,L670434212
$2b$12$regUoqBeWcxMApLjrdko4O6rDaj8WBgXibzsorMnb5orf/hYGiak6,N215736910
$2b$12$2QTeZikivN7jVP1QbeJO8.UEIyU/c94l2BKCmD4aL5XfDcTuw30pK,J897536609
$2b$12$jQegJh0O8DjAw4VNGSjfM.WjxrX.CnHTsYFE/cf.IoJsLsbjnFoGG,A076041373
$2b$12$lBhsWK8q0rAQhQsE5.49OeXMB6STOfPLSOQJ8Z2UaHvm2EEJlyeMW,K870937325
$2b$12$coZjiKX6JLWCKfcxl12q3uVPNbzmujogaUqxpkpzh.c3TIlFmZumG,C820898665
$2b$12$Io8MqQNgCpBGOT0Mded6uektkEa5UBc9GxpQ/Q/Fi4lJQzY69HoOS,A031464992
$2b$12$zL0oBCNehonY13B561V0OuqoKfHeQCDX/uuriE0VNDmx1xprN1QJK,B476686778
$2b$12$LGME8l30HCzFe4cwRWALY.lQX7dkJ..B9sQOx6AQr/pgaLEYyDe26,A416715699
$2b$12$l2QRU3nyzzbfLEXaWk.y6ulqZiBJYS8FaSbrVT/mncNT1PsxpeGx2,A018319608
$2b$12$zknXnQlGOXF.WTfD1Gfdd.5Xgx6/yaYU/OEtreNi2jYOFNiepss7G,N766232985
$2b$12$8h.3VaiikH4xPtG848/QuuZY0YW5W41bAblQNTlQjcBqAdJ9uS2Fi,M462179947
$2b$12$3mnYN86eT8i0hJaxyvmOEef2tKHclL0HjKJcZisb64Do6.jfZO1E2,L440461473
$2b$12$etpooNgfvEQpcPOMVpx99OTvwAKCMq71GyPcMlV4Fi8PxlmvzbVam,O667662231
$2b$12$O5M2hXXypQC7x14ZBxljy..W869rvzcdAzD.V1yd.M2pfxttBjny.,O939250658
$2b$12$Qwx6qnVMz7Nc4bgbhYoUoeHSsjWdjWq.0EIEF5.1MYctowz6RhfmS,E935436047
$2b$12$lSzwhlrO7fbPFpr.qfkI4uizjXWfvU72QNmPZfYprWNMLyBng5h8S,F834321877
$2b$12$lZGO6.JKDVO.OMHch13pOOZRSfJ7HpWtrMEOTkvDuuDwn/MTgwPrC,O797675899
$2b$12$cpBEn.fnd2pgblTiqkPXquPfacnOqWlrb.21idu35M8gyjkZ0W.72,D435167426
$2b$12$guaPxkWI6Iv.feytpbxFLeGMolEoeUX1tkFXbAniWmLLExyiPfwai,E706182969
$2b$12$p49GgJnP6Wsg7cPFSizKKum8jwyYiAJbzY2sV9wIB.HwkhyHicKsi,A367879621
$2b$12$fSl96gb/4Es0H5m8J20Nz.belYpSx1mn/ekl2my56DPH1eW1dpu8G,D679749668
$2b$12$ZFIMbx3ZMjO2aUtjyOMImu.gD5wghQCw2UCPfhx62mYXqvRYRMnB2,I463516891
$2b$12$9qbsCuPFIu0mtk1vv5NX8OAJjW2m.34CWo..8GaTwBhhGYuF9XIiS,M054128582
$2b$12$LxgZpbR.fR9yJ4ZbvP1UceVFH8sRsPXICXcuweMZWHLF7YUWQ.86u,D580124417
$2b$12$U4z.KMm77jQzU/6yUJH8oOai8R6i9D5a1XRiBzFhDcgRQGaT/1o.m,F401856115
$2b$12$lH1fWk/lfjb.1xjhGFIbzO4eYE8gnNWIRig7ANAVpqDFEA5vRBZ.m,H667919201
$2b$12$xRg4HVY4USqdXdOjy6zZKexHMCgEijoVklF9SNapbnFZ4nYRvqAN6,M671468604
$2b$12$7oGChSvMi9gCdMQdKhK84u3WAyzYsbJA34O4jO85dQ04dbpdkF7Vy,L633129180
$2b$12$pyWC56m2kr86PaEWxWjhnOTPsclFZx7iKItlwrhabFBcQ9C3na8VC,E131573940
$2b$12$yeTx2WYifhhVKOXXmfsq0.EAUQ9RMoTY7Zqe58Y3z0OfiyjGLbSWq,O067717519
$2b$12$v.jd4.NIA3v5ycopiCdLieVqGwS//yi9KR5XXEG2VhuvNNPk2J2gK,H961951061
$2b$12$J3JISz8HyLyF5gDjGu3YdO0oF/hu88FlBv8s2pYZHEvpybhHvBSOa,I054198419
$2b$12$JPWt3KlxkEjl7w0xCFWjsOZYynoG.Z2LziTH/vbPayZUY5ym.WBay,J813439426
$2b$12$3fzegntVpPQjQNGrZjbiYesP3BFVABjqqrgYUnoUU09hUWKWRMRAG,G413949924
$2b$12$mkkmg9AieE4cAJl92Lr8hO64NT8u1a7akO5WYo99A0m.wJP7ykHgy,O016263765
$2b$12$iKhDv.WkRvUsxlk6qSLi6eDcIujhis893FQB5N/XkfOQCb0GnCqzW,D175869091
$2b$12$zCO8bYR/YXsKRHtn2xuvDeAZ.tK5VwpBtQOLfAvcj0mPeUTqqVv66,I271797805
$2b$12$CR6et3YX/TEEYrYx3Uc6EuxX2TT.pq8YpBus3TGt9SqNtJKQpkUR6,A672067788
$2b$12$p69nZa6LhxwUJBkeXmVBH.nYaXernUMdozC6Q9wer42GZ/CXgYeyS,K337082905
$2b$12$4/WpnlUeldXl/3d5EKPCr.xdj.G5bR1.rMKk9j3JEn1UxmdW3l4q2,O302673931
