ssn,username,studentId,bId,phone,email,dormId,due_date,sessionToken
$2b$12$KUlIA63Imuyfb6kHBXyMIO.cV2OdJfdxCmdxli8vzSDrr8jF.8oze,user1,r18485388,BED001,095421167041,user1@example.com,DORM02,2024-03-10,session-553223-6011
$2b$12$rF/FutgtHaZHVlGIZneez.PY4VGKeFlB5ave6KCPeuUGfofXuZNEm,user2,r64204289,BED002,099642190525,user2@example.com,DORM03,2023-04-19,session-197494-8130
$2b$12$kXkvNQ9Rdr98swJs83pLT.UrRv3RtsEB80TROtXv3D3OCjqrfhq2W,user3,b50958229,BED003,094940789923,user3@example.com,DORM04,2024-05-22,session-971234-4368
$2b$12$F0fngjrcFuu2XBxi0wqgXOwah/YhvZq7F9QCjFmaJmjM5OcCxrcJe,user4,r63352847,BED004,094112353724,user4@example.com,DORM05,2023-03-30,session-494295-9129
$2b$12$/bBh54/Xz9wTweYZ85YSm.P9xIdOCYysdvV3ePcgW8XRlmV7g0r8y,user5,b93675901,BED005,092950422241,user5@example.com,DORM06,2023-05-21,session-477006-3446
$2b$12$bs.OS4urPNSMTq1Y4sqZ4uocDxsKjxf1SKksTQeYpbOqc0Ni6zC0e,user6,r19025045,BED006,095486265968,user6@example.com,DORM07,2023-03-30,session-685875-5689
$2b$12$0PKYg.IgDRrNzP5N3JTFvOl3.zJ1i7XYNDLo9WrUKfaUJiL.89Qqq,user7,b20894710,BED007,099523724116,user7@example.com,DORM08,2024-09-04,session-901982-7889
$2b$12$By5AuAeZSIk6rhZuipOHy.4VKipPxVdTqIqgMiLpFL3v5OhDKcQsG,user8,b57041175,BED008,097812787575,user8@example.com,DORM09,2023-12-10,session-115669-3580
$2b$12$qEt2X/ATQ4NUk/qRFsWSQeQv.PO5XDhgDXrmXr1MP59ES9TN7Cln.,user9,b30213860,BED009,095376851223,user9@example.com,DORM10,2023-10-15,session-899299-7858
$2b$12$rx9fPuzcBHkK.XjCdr7Wfe3N.wnwTnR3xNfEVriWLcfWiV2J8VK2e,user10,b65188268,BED010,096313652198,user10@example.com,DORM01,2023-07-31,session-360309-3427
$2b$12$kpB31zrGSynmZwP7GEr60.Vc9veW18.s5XdKs0NH6ixCJM5sFZNTy,user11,r61025644,BED011,099415182365,user11@example.com,DORM02,2023-10-28,session-991968-4652
$2b$12$sAQlIcWrUYgXs1gLRlMR2em.OnQN261kvCPducAecjF1Ogl4cYn3.,user12,r33411899,BED012,095287690448,user12@example.com,DORM03,2024-08-05,session-307133-7762
$2b$12$HFbqgVbD02pkWmOLuPSLGuj8.84lCO83lhm3xnwnRkzp9uALXhUGy,user13,b20116857,BED013,091118696393,user13@example.com,DORM04,2023-12-08,session-141802-9663
$2b$12$TRGkIm8IlgIERJBzJ1T2U.sWWs/pGvUIZ9qyKn3Rmha6eTw3v3OwG,user14,b00982501,BED014,093346813559,user14@example.com,DORM05,2023-04-14,session-870557-2818
$2b$12$9jrYS1nHHLQpn0DgXA7TVOK1CR5mJVPfMq8yvp77fy9Oh9fR5htxC,user15,r11742529,BED015,092290113937,user15@example.com,DORM06,2023-11-30,session-900789-1223
$2b$12$NCHkUxFBow.JaMTILzmZe.ZTq28hEyLr1chCnn18cYHPfsuX2VJlS,user16,b14709954,BED016,093351219911,user16@example.com,DORM07,2023-05-10,session-826455-1874
$2b$12$Ok0.CXgDL4JvWino1wnOs.4HZXzBrgdGuBLIXWKmBMw.4BvdEh.1m,user17,r40407889,BED017,094913591654,user17@example.com,DORM08,2024-03-05,session-219876-9946
$2b$12$9dzGdrj.uEH7EMDlrsZzH.IHI/WyuZACyhScSmD3fV32SOM9ZmY2K,user18,b97235710,BED018,099301724672,user18@example.com,DORM09,2024-02-09,session-637830-1518
$2b$12$FcMFGj0ZMaYnNSjEW8vrf.YDix1yKc725QPxGx8HWhmYYNuyI/k1i,user19,r97231903,BED019,091365329032,user19@example.com,DORM10,2023-02-05,session-587981-1175
$2b$12$8/346NcmMkNgtYPa/8ACm.DsMt7YqLpnpPhtnDVgRdpZx7MXbQyPK,user20,r66508676,BED020,092314047516,user20@example.com,DORM01,2024-10-13,session-787987-2451
$2b$12$F.hAUb4lJ2az25R4W15lAeLRkrFaYV21VcDuaP7aHRfZB.Ap57Ym2,user21,r89802588,BED021,094366287734,user21@example.com,DORM02,2024-04-13,session-329952-3962
$2b$12$pI5l5oO3/Cz1PnMjdjMNfuETpDpRUPF4U1gRrJndqZVH60IQPkCvm,user22,r02673256,BED022,097207927546,user22@example.com,DORM03,2023-10-12,session-220811-2650
$2b$12$6lJV0EgAcieT/UCcgIrG2.cTPjLZc5pLSMrYzzZugQkUcMJmRE/cG,user23,r27264045,BED023,091227618191,user23@example.com,DORM04,2023-10-12,session-274354-7343
$2b$12$9.22xYkt42Bz6BgSL4llh.k0snZQGq3KElz882oUsmaNmayPqI7QK,user24,r99166495,BED024,091016032630,user24@example.com,DORM05,2024-04-13,session-818612-1427
$2b$12$Zs6PXxmpX0zahCOg9EH2hexvGVUjtosqKAbSsA7KTIrHjPjd9cx7i,user25,r58266871,BED025,097584430841,user25@example.com,DORM06,2023-12-26,session-766572-5746
$2b$12$GGJUQIQNfNAbUmdVVnDOhepTaT/rZzPde/YAzH9U7w9o.pvD00pHe,user26,r66273927,BED026,098734862793,user26@example.com,DORM07,2023-08-02,session-282628-2950
$2b$12$8ljQNxdydWF2rY/3wJ0eWudlhjIGhoNB8NrH48j1k8/D8G7JWuqDW,user27,b02385330,BED027,094405571184,user27@example.com,DORM08,2023-08-16,session-743103-5407
$2b$12$eswmg2klvoztvJem4BkOOekWM8eVeRkKzOJlmYeZxbdQ5QubFFd8.,user28,b33384139,BED028,096470635938,user28@example.com,DORM09,2024-04-19,session-210673-3863
$2b$12$KUmJxnV1GHboFXMnDbeB5.9MZW73DsNl6OWBVKOpQ9Oyto.3JZUjC,user29,b24500956,BED029,095999529543,user29@example.com,DORM10,2024-10-31,session-935414-8814
$2b$12$OAP3nNC7htDG8z0F1hgGBueruDRBxGmkL7X1cU5AhfmfQdx0/Eu1G,user30,b47452412,BED030,097640493538,user30@example.com,DORM01,2023-10-07,session-432643-6181
$2b$12$/uZV0q/6WBwBonWZU9///.4p8QXcHtK9XH2mrOybNmdvWSurzZoca,user31,r63407244,BED031,098529176453,user31@example.com,DORM02,2024-05-29,session-470950-6190
$2b$12$qsBlciuTatF23HZhwa2NueNFPp7r01mBowErQ6jZPRBNarPESrgrO,user32,r20546714,BED032,095016294782,user32@example.com,DORM03,2024-07-21,session-709978-4865
$2b$12$pknOlVHvgih.maxWOMKV0.1vmwLtcUmTpXc8FM3UWu2TdNTcV6e8i,user33,b62330209,BED033,094978865395,user33@example.com,DORM04,2023-11-06,session-650471-9593
$2b$12$RDzEtDC0wG3j/sm0BcgI6Orzzbze5OqqzfAUk9mtT6QffKJuk926a,user34,r88830239,BED034,092337988486,user34@example.com,DORM05,2023-03-15,session-339591-9411
$2b$12$IHo.5itn6snz3Y3TAGte6u/XaFIKyRQjVKzKuQtUD610gW25qW.p.,user35,r17854627,BED035,096061398284,user35@example.com,DORM06,2024-05-22,session-898876-4856
$2b$12$PgDjNBzBthyFAfHnjWk60OYH4UtG5xGV7siGNQrrbN36kfWuMJTDO,user36,r52509248,BED036,092085232991,user36@example.com,DORM07,2023-12-10,session-300388-5882
$2b$12$yoKDx/gUXdQBn8p.l/fyP./QmerBzycMb.XKGD55UXeXbsp/KOvRK,user37,r08031158,BED037,098791562802,user37@example.com,DORM08,2024-09-12,session-763020-7807
$2b$12$IUN8jyl1YyEPvVMtzwngf.bVPvWthxGXiTUsDbSS9/IbnqGZbbtYC,user38,b75211865,BED038,092603772767,user38@example.com,DORM09,2023-06-25,session-805473-9791
$2b$12$UhGSv8HHHuRMKfh8MJE8UuZm.n7MX/5uc2gQk537nogFk53.kXKlu,user39,b17867363,BED039,094564485905,user39@example.com,DORM10,2023-02-07,session-415105-8224
$2b$12$UEEuDwTvwIn9YkU3C5F54ukS/cnp8YNc/QMVSVIbiVcpy6oos14q2,user40,b34315693,BED040,095059374446,user40@example.com,DORM01,2024-03-24,session-870872-7235
$2b$12$s4UIaB7PtUVWYq.nQ/STiuNFBiRtY2G6NZTlCfE4dhiOgy4ZuPLcG,user41,r19340584,BED041,092987964879,user41@example.com,DORM02,2024-10-13,session-760716-7065
$2b$12$v4G6NfLTHQ0F0MDPEA/sFusV8lQNOuAbhliyjKOO.PR/k2yXDxfSy,user42,b95993072,BED042,091557231607,user42@example.com,DORM03,2023-02-26,session-409883-3642
$2b$12$rKwQEv/bPgxmXwvYJQAx/OeTlgtMTPiwMqc7PxBH1g3wxDcS8Ybou,user43,b58918473,BED043,098939300443,user43@example.com,DORM04,2023-02-02,session-294519-9459
$2b$12$gQWZV3jMQbMmH/oSNtJ9Oul87MI3cPgQZ8kojpfB9AOeBZ7MosyIW,user44,b09405106,BED044,091622211609,user44@example.com,DORM05,2024-06-06,session-247553-5414
$2b$12$hLN2fVjwSWfT8GIw/U5dPOYhpD9qHPgXdJ5b8IILricEQ4qYS4F7m,user45,b66376514,BED045,096408137457,user45@example.com,DORM06,2024-02-19,session-756861-6465
$2b$12$maslxGZBQ4.wzW/XejK0hO0jmrQpLvDuablSyVLbEaM8ab0lSlGsW,user46,b60679241,BED046,095067531390,user46@example.com,DORM07,2024-01-22,session-283965-1476
$2b$12$sex8Q82J0ehqfRUrPH1rvOBQGRXrf6zy.9agFd7mgpCdDmTrm4Xai,user47,b36486183,BED047,099363560417,user47@example.com,DORM08,2024-05-26,session-220242-5832
$2b$12$GXelHTTX1BQSyzfsJoOZyO0LPEtcqc1nJjqipFlZfzR41wcS7Vnu2,user48,r84808454,BED048,097563838439,user48@example.com,DORM09,2024-10-24,session-338154-1860
$2b$12$Ji5SkeRAzwQVMcAIuBzsbOT3M3dnAW0CIMC/yXq0TbBjS.f1EBHFy,user49,r42874704,BED049,098965649815,user49@example.com,DORM10,2024-09-28,session-482030-1021
$2b$12$u70epmHR5uBuxiUX5TygQugsyI.9JsapToSrch0yhE2f4/82rKnta,user50,b41859224,BED050,096656659668,user50@example.com,DORM01,2024-04-13,session-548003-1885
$2b$12$F8QOdVG4pzwWAF9XD3huzOBzjfV8fSACeBkXsMqjyLzzZK1j2mHK6,user51,r52137951,BED051,095905345573,user51@example.com,DORM02,2023-09-12,session-332838-5240
$2b$12$tvvz6gNC/rdcNhXK0.I.lexrKdfpZkiVl0vP/SROWI8BqcmXbRfQm,user52,b66165286,BED052,095011346258,user52@example.com,DORM03,2024-04-14,session-891643-6490
$2b$12$3lp3MDqU9vmSNOeUz6znlujX/ZDFNHIfwL7T8Zl4zNC9C2h0aHis.,user53,b36710250,BED053,094027471606,user53@example.com,DORM04,2024-01-25,session-608135-3751
$2b$12$YxRjLtjPXdOj0PC1tbXbL.xOrOUKjao2u2Rx5n8eOtLQVuk4xMK8m,user54,b55615033,BED054,093807762089,user54@example.com,DORM05,2023-01-04,session-158018-4032
$2b$12$172WLgkh9JDGpzIpUYSOEu5ar3p33KTFo.feJntGuuKEFn4ucK.Ta,user55,r78335638,BED055,092633677651,user55@example.com,DORM06,2023-11-23,session-715422-4150
$2b$12$B6SQuYRO4OOaG0yWbkJXoOLwO3mAq.OGiBSv9gbQGS3WL1v0bWRWG,user56,r26656042,BED056,099970409522,user56@example.com,DORM07,2024-01-16,session-676285-9959
$2b$12$ut40iMy8jy/LJY9513vy8edPzBKP0rtkNvuZnAYcgCrT8aKR9EvRu,user57,b43080275,BED057,096472614746,user57@example.com,DORM08,2023-02-10,session-582406-3254
$2b$12$GCaRArvpz1rCEtxsUqMR6ubjQq6U8jVN..TL2KMNqio70BmzidjYy,user58,r68824921,BED058,097245991785,user58@example.com,DORM09,2023-07-05,session-483580-1997
$2b$12$6MZQFhp0CwXoUSNoboOsQ.qNylcriZh4CIZKpU6aWYVFbi0I.WwdG,user59,b24278762,BED059,093691207899,user59@example.com,DORM10,2024-02-25,session-659085-7548
$2b$12$m.5QJAWP4UVD7CWgJvSD.emzLF3k8O5mMxJV5aHew1T642zK8IeGa,user60,b72025479,BED060,098682543748,user60@example.com,DORM01,2024-07-17,session-294587-9095
$2b$12$regUoqBeWcxMApLjrdko4O6rDaj8WBgXibzsorMnb5orf/hYGiak6,user61,b08872911,BED061,095970942444,user61@example.com,DORM02,2024-06-11,session-201398-6225
$2b$12$2QTeZikivN7jVP1QbeJO8.UEIyU/c94l2BKCmD4aL5XfDcTuw30pK,user62,b57111741,BED062,094688331189,user62@example.com,DORM03,2023-05-31,session-201925-5130
$2b$12$jQegJh0O8DjAw4VNGSjfM.WjxrX.CnHTsYFE/cf.IoJsLsbjnFoGG,user63,r43199292,BED063,093343954991,user63@example.com,DORM04,2023-08-06,session-213851-6234
$2b$12$lBhsWK8q0rAQhQsE5.49OeXMB6STOfPLSOQJ8Z2UaHvm2EEJlyeMW,user64,b87597596,BED064,093601869030,user64@example.com,DORM05,2024-12-26,session-815389-1828
$2b$12$coZjiKX6JLWCKfcxl12q3uVPNbzmujogaUqxpkpzh.c3TIlFmZumG,user65,b33433094,BED065,093530416239,user65@example.com,DORM06,2024-11-11,session-432484-9071
$2b$12$Io8MqQNgCpBGOT0Mded6uektkEa5UBc9GxpQ/Q/Fi4lJQzY69HoOS,user66,r11573308,BED066,097436142606,user66@example.com,DORM07,2024-07-20,session-193842-7878
$2b$12$zL0oBCNehonY13B561V0OuqoKfHeQCDX/uuriE0VNDmx1xprN1QJK,user67,r22523041,BED067,094559658632,user67@example.com,DORM08,2024-10-15,session-525928-6139
$2b$12$LGME8l30HCzFe4cwRWALY.lQX7dkJ..B9sQOx6AQr/pgaLEYyDe26,user68,b78176593,BED068,092115051796,user68@example.com,DORM09,2024-05-19,session-538415-5194
$2b$12$l2QRU3nyzzbfLEXaWk.y6ulqZiBJYS8FaSbrVT/mncNT1PsxpeGx2,user69,b76812656,BED069,092322208809,user69@example.com,DORM10,2024-05-04,session-449391-5103
$2b$12$zknXnQlGOXF.WTfD1Gfdd.5Xgx6/yaYU/OEtreNi2jYOFNiepss7G,user70,r58475344,BED070,097788823744,user70@example.com,DORM01,2024-11-03,session-506097-4472
$2b$12$8h.3VaiikH4xPtG848/QuuZY0YW5W41bAblQNTlQjcBqAdJ9uS2Fi,user71,b70632422,BED071,098236237150,user71@example.com,DORM02,2024-04-16,session-374814-6156
$2b$12$3mnYN86eT8i0hJaxyvmOEef2tKHclL0HjKJcZisb64Do6.jfZO1E2,user72,r93741424,BED072,096404542764,user72@example.com,DORM03,2024-05-17,session-680246-3913
$2b$12$etpooNgfvEQpcPOMVpx99OTvwAKCMq71GyPcMlV4Fi8PxlmvzbVam,user73,b34662141,BED073,096419560869,user73@example.com,DORM04,2023-05-31,session-988918-5915
$2b$12$O5M2hXXypQC7x14ZBxljy..W869rvzcdAzD.V1yd.M2pfxttBjny.,user74,r10783410,BED074,094041963577,user74@example.com,DORM05,2023-04-17,session-764910-1574
$2b$12$Qwx6qnVMz7Nc4bgbhYoUoeHSsjWdjWq.0EIEF5.1MYctowz6RhfmS,user75,r77224349,BED075,094423968299,user75@example.com,DORM06,2023-12-08,session-453688-2975
$2b$12$lSzwhlrO7fbPFpr.qfkI4uizjXWfvU72QNmPZfYprWNMLyBng5h8S,user76,r74044581,BED076,091199562046,user76@example.com,DORM07,2023-05-04,session-110386-9056
$2b$12$lZGO6.JKDVO.OMHch13pOOZRSfJ7HpWtrMEOTkvDuuDwn/MTgwPrC,user77,r27305900,BED077,093745530807,user77@example.com,DORM08,2023-10-21,session-663706-6644
$2b$12$cpBEn.fnd2pgblTiqkPXquPfacnOqWlrb.21idu35M8gyjkZ0W.72,user78,b41957292,BED078,092780429279,user78@example.com,DORM09,2024-01-24,session-741222-8117
$2b$12$guaPxkWI6Iv.feytpbxFLeGMolEoeUX1tkFXbAniWmLLExyiPfwai,user79,r86993103,BED079,092251360531,user79@example.com,DORM10,2023-06-03,session-228404-8105
$2b$12$p49GgJnP6Wsg7cPFSizKKum8jwyYiAJbzY2sV9wIB.HwkhyHicKsi,user80,b71311545,BED080,092152619603,user80@example.com,DORM01,2024-12-01,session-214209-1531
$2b$12$fSl96gb/4Es0H5m8J20Nz.belYpSx1mn/ekl2my56DPH1eW1dpu8G,user81,b57362046,BED081,094149742959,user81@example.com,DORM02,2024-04-20,session-589250-6369
$2b$12$ZFIMbx3ZMjO2aUtjyOMImu.gD5wghQCw2UCPfhx62mYXqvRYRMnB2,user82,b35000876,BED082,097049788352,user82@example.com,DORM03,2024-09-16,session-549272-4327
$2b$12$9qbsCuPFIu0mtk1vv5NX8OAJjW2m.34CWo..8GaTwBhhGYuF9XIiS,user83,r92408724,BED083,092451763410,user83@example.com,DORM04,2024-03-05,session-544717-7982
$2b$12$LxgZpbR.fR9yJ4ZbvP1UceVFH8sRsPXICXcuweMZWHLF7YUWQ.86u,user84,r26827745,BED084,091431364322,user84@example.com,DORM05,2023-04-19,session-710498-2716
$2b$12$U4z.KMm77jQzU/6yUJH8oOai8R6i9D5a1XRiBzFhDcgRQGaT/1o.m,user85,r31985682,BED085,095331920968,user85@example.com,DORM06,2024-02-04,session-260874-5477
$2b$12$lH1fWk/lfjb.1xjhGFIbzO4eYE8gnNWIRig7ANAVpqDFEA5vRBZ.m,user86,r29061427,BED086,093940744434,user86@example.com,DORM07,2024-12-31,session-762295-6538
$2b$12$xRg4HVY4USqdXdOjy6zZKexHMCgEijoVklF9SNapbnFZ4nYRvqAN6,user87,b61433767,BED087,096575930671,user87@example.com,DORM08,2023-06-01,session-207687-3233
$2b$12$7oGChSvMi9gCdMQdKhK84u3WAyzYsbJA34O4jO85dQ04dbpdkF7Vy,user88,b83184842,BED088,093127559694,user88@example.com,DORM09,2024-07-02,session-426483-7408
$2b$12$pyWC56m2kr86PaEWxWjhnOTPsclFZx7iKItlwrhabFBcQ9C3na8VC,user89,r12477430,BED089,095600339874,user89@example.com,DORM10,2024-11-09,session-483196-2846
$2b$12$yeTx2WYifhhVKOXXmfsq0.EAUQ9RMoTY7Zqe58Y3z0OfiyjGLbSWq,user90,r86963278,BED090,096818316977,user90@example.com,DORM01,2023-10-12,session-669170-6221
$2b$12$v.jd4.NIA3v5ycopiCdLieVqGwS//yi9KR5XXEG2VhuvNNPk2J2gK,user91,r81764343,BED091,092318645191,user91@example.com,DORM02,2024-04-12,session-730306-7192
$2b$12$J3JISz8HyLyF5gDjGu3YdO0oF/hu88FlBv8s2pYZHEvpybhHvBSOa,user92,r57001334,BED092,095361473898,user92@example.com,DORM03,2023-09-28,session-995621-7246
$2b$12$JPWt3KlxkEjl7w0xCFWjsOZYynoG.Z2LziTH/vbPayZUY5ym.WBay,user93,r47591682,BED093,091511306913,user93@example.com,DORM04,2023-10-11,session-369842-3828
$2b$12$3fzegntVpPQjQNGrZjbiYesP3BFVABjqqrgYUnoUU09hUWKWRMRAG,user94,r02082293,BED094,097884980899,user94@example.com,DORM05,2024-11-13,session-557493-3086
$2b$12$mkkmg9AieE4cAJl92Lr8hO64NT8u1a7akO5WYo99A0m.wJP7ykHgy,user95,r09585614,BED095,099210240556,user95@example.com,DORM06,2024-05-17,session-163665-5353
$2b$12$iKhDv.WkRvUsxlk6qSLi6eDcIujhis893FQB5N/XkfOQCb0GnCqzW,user96,r83361507,BED096,098314994689,user96@example.com,DORM07,2024-12-03,session-102636-7285
$2b$12$zCO8bYR/YXsKRHtn2xuvDeAZ.tK5VwpBtQOLfAvcj0mPeUTqqVv66,user97,b80056885,BED097,092640203651,user97@example.com,DORM08,2024-12-19,session-766833-1347
$2b$12$CR6et3YX/TEEYrYx3Uc6EuxX2TT.pq8YpBus3TGt9SqNtJKQpkUR6,user98,r91143149,BED098,094416441300,user98@example.com,DORM09,2024-06-25,session-379861-1307
$2b$12$p69nZa6LhxwUJBkeXmVBH.nYaXernUMdozC6Q9wer42GZ/CXgYeyS,user99,b92612240,BED099,095365910678,user99@example.com,DORM10,2023-04-03,session-723772-6339
$2b$12$4/WpnlUeldXl/3d5EKPCr.xdj.G5bR1.rMKk9j3JEn1UxmdW3l4q2,user100,b54121170,BED100,099571956398,user100@example.com,DORM01,2023-05-27,session-174526-2002
